,col1,col2,col3,col4
0,0.2571510066864076,-2.3517029085199073,2,4
1,-0.5348308484775836,0.7371726622468772,2,5
2,-0.12707892271878238,-0.11346397211167915,0,5
3,0.45281917757359164,-0.05432351486778494,0,5
4,1.1294500563901921,0.49684274942476164,0,4
5,-1.4328054745376422,0.2381874993427606,0,4
6,1.003487433181052,-1.9230720080713326,0,4
7,0.9463585770312095,1.089213414880357,1,3
8,-0.4286850984032573,0.16541514947847358,2,5
9,2.6785466203077513,-1.4664489957682212,0,5
10,-1.2533165843780636,0.09751512097470282,2,4
11,-0.46983284611863296,-0.447657267437043,0,4
12,-1.437088088794944,-1.9817390615102815,1,4
13,-0.16368182372833062,0.17349111873238487,0,3
14,-0.09889541826534666,1.7242793407003476,0,4
15,-1.1654059342172618,0.5845900802795424,2,4
16,0.46681184327263125,-0.06659011126266562,2,3
17,0.9627142887714789,-1.18521541576946,0,4
18,0.8752963021070508,0.09563419409161295,0,5
19,0.4582765017602065,-0.0997069145250603,0,5
20,0.22147647017370933,-0.6017903574952996,1,5
21,0.1176367986788287,0.8253066447162669,2,4
22,-0.6410601458277512,-1.4273411488977794,2,5
23,-0.4976840763496706,0.35124918697387425,0,5
24,2.162671711797244,1.9331138150275988,0,5
25,-1.2911834020347428,-0.8089338414607226,1,4
26,-0.45042735301819603,-1.3752907222895383,2,3
27,0.8509616346493502,0.16360382253791514,2,5
28,-1.3180663775519192,0.06452718850025552,0,5
29,-0.33388986170187224,0.9378146770761434,0,5
30,-0.5645632191877711,-2.1877656400153267,1,5
31,-0.10121001536393873,2.198431156304391,0,3
32,0.47486493835006954,-1.9492323735386068,0,5
33,-0.8086390733744424,0.06533037463352348,2,4
34,-0.7588950848205707,-0.2225820166143545,1,3
35,0.035539412164207605,0.48701564736581293,0,4
36,0.492231067944948,-0.4092784718984353,0,3
37,-0.4863216232938876,-0.1498705833730191,2,4
38,-1.1273633519715298,0.7175170822829098,2,3
39,-0.8680667107587346,1.2786548183386306,0,5
40,1.3076780978987912,-1.5994213709281513,0,4
41,2.6163053689352425,-0.21009980454946284,0,5
42,-0.4844011399950176,0.581020857802872,1,4
43,-0.08602220332688244,1.6134282304414944,0,4
44,-0.6048667946181326,-1.49115888671233,0,4
45,0.17869553569133614,1.772242570587408,1,5
46,0.43283586560422815,0.8113412758944079,0,4
47,0.5456186752601163,-0.30344137067942967,0,5
48,-0.6149581513332214,0.5783580378902019,2,3
49,-0.5869477641093617,-0.5452041212261631,0,3
50,-0.7492515298629558,0.3572771145556931,2,3
51,-0.7423269178396429,0.7477136246537667,1,3
52,1.1018666971126787,0.18562204276290722,0,5
53,-0.11630445668873768,-0.7465167279753876,0,5
54,-1.860530310724315,0.22439860453290958,1,4
55,-2.4082067273287184,0.5753343588970535,0,3
56,-0.3650832950507618,-2.6164051605654306,1,4
57,0.9907319277966041,1.461005032762875,0,5
58,0.968955774848692,1.6938532948880494,0,5
59,-1.727155337937765,-0.7240620907385357,1,5
60,0.11904868169538842,0.28121791157269926,0,5
61,1.4313496874169245,-0.08633504858786342,0,5
62,0.9964691477131716,0.29145560554733446,0,4
63,-0.3607032449352528,0.860350384184099,1,5
64,-0.0042873446431281464,1.6136831688139124,0,5
65,0.5580794345559663,0.8290024973918076,0,5
66,0.5621935019104612,-0.344778778011529,0,4
67,1.1766859249787542,-0.34182535271181946,0,4
68,-0.004810244214052981,-0.8960158100425201,0,3
69,1.85784642362157,-0.11401259215481271,1,3
70,-0.22989407729752986,0.007195977466553434,0,4
71,0.7948691259915392,-1.0059556187956114,2,3
72,-0.9563774546556808,-0.9586334597413614,2,5
73,1.2039299165005555,-0.7020521470814204,0,3
74,-1.1947499875317091,0.16199470758283224,1,3
75,0.1973111339400234,1.9852452937914864,1,4
76,2.4164689451945343,-0.7830644783482326,0,5
77,-0.09804612663900975,0.8932588291362634,2,3
78,-1.021597361780734,-0.34504214361974117,0,5
79,0.04829619825138545,-0.3226542055041581,2,4
80,1.4247715488316106,-0.5602691274619835,0,4
81,0.8077246227159153,-1.9965410441940465,1,3
82,0.35527342629429315,0.39538968766719956,0,3
83,1.2815665903108548,-1.4816283361985525,1,5
84,0.11337942409881047,-0.7965017436929922,1,3
85,1.1538055232152185,-0.3045451951940428,1,3
86,0.6505377489720917,1.4903104072566278,0,3
87,-0.8881626667565887,-0.9398316334714663,1,4
88,0.10890407927756755,1.1619000987228059,0,5
89,0.16881881912344393,-0.2549087675748839,0,5
90,-1.2033102314633302,0.2175272228151164,0,3
91,-0.19292338709902465,-0.4045744834001389,0,4
92,1.975097661131188,0.44731933589182626,1,5
93,0.7593339196693676,-0.8971143460043464,0,5
94,1.0400723981439497,-1.1392485192494608,0,3
95,-0.3796122965308843,0.7405995509884371,2,4
96,0.4517503788045024,0.4124719728638484,0,5
97,1.2240519809134143,-1.0066163080594632,1,3
98,-1.8471301786773733,-0.18385992642435148,0,5
99,-1.0089549427403266,1.0201747553871647,1,3
100,-0.42264445318634886,-0.12844717342038178,1,3
101,-0.4062345285790094,-1.7107042640243915,0,3
102,-1.0081952821470814,0.41568519654078545,0,4
103,2.97963299326618,-1.558663420185742,0,5
104,0.2297152476002307,-0.6125974767184519,1,3
105,1.0522506435463375,0.24360078059676607,0,5
106,1.4211640095677553,0.8472542273163062,1,3
107,-0.9056905852739718,0.34453657714033337,0,5
108,1.2541939333706995,0.831757133193147,2,5
109,-0.17965955405820164,-0.41362222333858584,1,4
110,1.3186882529798687,-1.4765788302767588,2,4
111,1.4338064815043692,-1.0939854584516286,2,4
112,-2.145672828505927,1.348654282307485,0,4
113,0.3550217254778827,-1.5019438759974557,0,4
114,-1.3364289212226965,0.24054037068897965,1,5
115,-1.4109140537037153,0.3306952706387437,0,5
116,0.772101388839458,-0.2899464398205575,2,3
117,1.4319808934024194,-1.121870098893584,2,5
118,-1.1054840251291116,-0.3549461852778128,2,5
119,0.9457901667248374,1.2811161382596707,0,3
120,0.6020793227166661,-0.01783652894234723,1,5
121,0.004066099497563474,0.0863644688849229,0,3
122,-1.2733873616444036,0.587181131590593,0,3
123,-0.8611561044682163,0.5929612558327119,1,5
124,-0.428321967197369,-0.42405997840581466,0,5
125,0.11210414117042296,-1.6943607111097776,0,3
126,-0.296683735826786,-1.636943433279099,0,5
127,-1.662947608587473,-1.4076674161261842,1,5
128,-0.36282363269312845,0.5405883045456442,1,5
129,-0.44786020471932264,-0.6260014378939933,0,5
130,2.009943838217365,1.1067382939100578,0,3
131,-0.5174511708145149,-1.6404880218537365,0,3
132,-1.4435668404937014,-0.33548806259614994,2,4
133,0.8749718105104736,0.9049480900262825,2,4
134,-0.7320656372327234,-1.7388400883574178,2,3
135,-0.9060309201243577,0.6638069242823509,0,5
136,-0.42967002258151565,1.0592341176021793,0,5
137,0.9184552206423208,-1.0232251911561399,0,5
138,0.60139338796495,-0.6225770836585743,0,5
139,-0.2472487263023007,0.7835094406223158,1,4
140,-0.59061066797107,-1.492066582883516,0,3
141,-1.3318322515454082,-0.7871561915544057,2,3
142,2.328459539685794,0.5920635434647511,0,3
143,-0.6696918389367666,0.8217585802135978,1,3
144,0.7386801005274515,-0.71340131087293,0,5
145,0.49213492595002617,0.4752204923617249,0,4
146,1.5023356868490207,0.10231734311635679,2,4
147,-0.4675920129284697,-0.9380415553112504,0,3
148,0.4470508519420166,0.44617393028189917,2,5
149,-0.6079955441515577,-1.8505776182223437,0,3
150,-0.04011096529345972,-0.49056331588396407,1,3
151,-0.28196388642293146,1.1323174339244142,0,5
152,-0.27541582239548335,-0.2206374957575525,0,3
153,1.5791464637228982,-0.4857663858561678,0,3
154,-0.6053429278454546,0.4807281598318677,0,4
155,0.519272264252653,0.4874822553095469,0,3
156,-1.5044962709263832,0.7481779585091751,1,3
157,1.1930768164327235,0.054269907376329314,2,5
158,-1.2416547143696466,0.3800628385077692,1,4
159,0.8692516884169441,-0.90794296579317,2,3
160,-0.6731697904053646,0.2916512141982947,0,5
161,0.11999405168908919,-0.1589070688488494,0,4
162,1.1137106420249971,0.153542501465914,1,5
163,-0.5274725025050604,0.9479917942509017,1,5
164,0.3190690426117968,0.4012948138286339,0,3
165,-1.0283556621130636,0.339119954012708,1,5
166,0.47435581240387875,-0.5980098815251128,0,3
167,-0.4852005547556969,-0.7279639668625902,1,5
168,0.07883690173182398,0.36600167721746385,0,5
169,0.6346589800021044,0.2694509049800128,2,5
170,2.084225820154033,0.8161766386827514,1,4
171,-0.08826686334418113,-0.38470480604401747,0,5
172,-0.8537449386837876,0.34990628403810237,2,5
173,0.8686773086685479,-1.0557546007752572,1,5
174,-0.7972741074108043,-0.28879117369656315,0,4
175,0.5693150501208789,-0.10494120157456806,1,3
176,0.0005312579881305904,-0.6972240996221593,1,4
177,0.7477242959747117,-0.07933953429370941,0,5
178,0.5571402027036062,-1.9257467629718172,0,3
179,0.21709891336363185,1.1457352548257858,0,3
180,-0.37286233626422627,-0.4267554530622718,1,4
181,1.5498385790515339,1.6999932998899054,0,4
182,1.3836451954730051,-0.7907725755694486,2,4
183,-0.5763568897115011,0.6162832624013476,2,4
184,-0.01482474800511341,1.435556731595225,0,4
185,-0.13070699258339366,2.23120169478783,0,3
186,-0.7617163665961617,2.3355046771979344,0,5
187,-0.18647539048427172,1.2589912966265708,0,5
188,0.7601703074010064,-0.4512123510145186,2,4
189,-0.09484116252989484,-1.1755760013067553,0,5
190,-0.6364604829313687,-1.4020315642030823,0,4
191,0.21666902074107117,1.3483474905410724,0,3
192,1.4524903406421328,-0.17824671366608225,2,3
193,1.1759271152390798,-0.06335819536143736,2,3
194,-0.4755365316786378,3.1719992690139454,0,4
195,-0.5617947216766221,-1.0784649453149902,1,5
196,1.0652578987996029,-0.5199183807802528,1,3
197,0.8838261730707229,0.7595003077614396,1,4
198,0.5525693871139452,0.8218209441608889,0,4
199,-1.2277059819153884,-0.7216258843306699,1,3
200,0.14794879246403428,0.7615092994971302,1,5
201,1.3236733072234506,-1.5678485592599205,2,4
202,-0.245889881052697,0.32135202541823205,0,4
203,0.10229361577679535,-0.21743053340358257,1,3
204,-0.048947721145610384,0.11815211159941015,1,5
205,-0.377189589384386,0.15908283642305834,0,3
206,-0.8188832502224296,0.3595759460053784,0,5
207,-0.7485830871090644,-0.7245156806418789,2,5
208,0.7491954292516422,3.0867502231866655,1,3
209,-0.5863153938167383,1.7030267541971644,0,5
210,-1.723403040043772,0.3537592083701815,0,5
211,-0.4457811384085624,0.5699898359183475,2,3
212,0.42603024085338836,-1.23581345704701,1,3
213,1.0041290724585363,-0.194128461428753,0,3
214,1.9614722012175179,-0.14752350170757594,0,4
215,-0.6652636076359096,0.156602044076512,0,5
216,0.5664043159908281,0.8465097009540721,1,3
217,-0.5869208412734075,1.1037841974131466,0,4
218,-0.48065021237189454,0.9553521321002582,1,5
219,-0.3464688921577517,-0.8612090444034717,0,4
220,0.3685053607187185,0.5594976136768711,1,3
221,0.17501661911400734,0.09708418214359912,0,5
222,-0.06061602702969279,0.5160649561100653,0,3
223,-0.3478123243427964,0.6521402291809123,1,4
224,-0.879523916787621,1.3270744891220767,1,3
225,0.7133666478649509,-0.5783361170724398,2,5
226,1.2721006212357808,0.8928045424119996,2,5
227,0.02405185058344714,-0.6869780339567574,0,5
228,-1.2798132147606218,-0.3238433672132001,0,3
229,-0.9112371474562786,-0.3098089805844644,1,5
230,-0.8102526212830388,-0.25113932303463754,2,4
231,1.4442561275177406,0.9070847473701561,1,5
232,-0.14862770800974792,-1.6851332001007766,0,5
233,-0.9684357257803569,0.3498987922590597,1,3
234,0.32685569436378914,0.26141374987085003,1,4
235,0.6139054027013907,0.23928520134330175,1,5
236,1.1414937811265364,-0.26939222851941746,1,5
237,-0.7266884618855582,-1.4370041313374502,0,4
238,0.8535650608540806,0.5810057856400052,0,3
239,-0.009440809355676736,0.3766495095287073,0,4
240,-2.1350328863767163,0.8987126033223911,2,5
241,-1.086816210784011,-0.22273309499210403,1,4
242,1.0927296202866348,-0.4799976161107979,0,5
243,-0.14050850644405186,1.3079478181128832,1,5
244,0.15343700624956683,0.9677326026786354,1,5
245,-2.3414233823364174,1.385514340202211,2,4
246,0.45992787446869643,1.0833542934856262,2,5
247,0.6629582218595652,0.270526546361767,1,4
248,0.0550340678557073,-1.638581265167508,0,3
249,0.13843320991313346,0.6958396468944864,1,3
250,0.22161922677626184,0.6445152063959094,0,3
251,-1.717565439761024,1.3788543202074044,2,4
252,0.8508297889153699,-1.1333624637664645,0,4
253,1.0831699131309365,0.08527318243956825,2,3
254,-1.5532269017556273,-0.40558741799750914,0,3
255,1.7368330946075865,1.1055526553844377,0,5
256,-0.35279137966531043,-0.5449204012162734,0,4
257,0.8157141127042892,0.07349522590439964,1,5
258,-1.1121585064662556,0.609135145487117,1,4
259,0.39554629350741194,0.05705904485818049,0,4
260,-1.1369621970599715,-1.4932147134057856,0,4
261,-1.3846164733764459,1.1375904611587297,0,4
262,-0.5838053196478774,-0.07945311110739416,2,5
263,1.236318326336519,-0.1526638808643515,0,3
264,0.07075750078877381,0.9644796388366105,0,5
265,-0.40286816261809616,-0.7569138307913398,2,5
266,2.2672421824386864,-1.6199473375000344,0,5
267,-0.2018903088888044,1.8129862746324437,0,4
268,-1.022827656028469,-0.06680039949607308,1,3
269,-1.2108163973719233,-0.23966764252118805,2,5
270,-0.4109189607860024,1.4299539767896352,0,4
271,1.6039898816058362,-0.7608847781838345,0,4
272,-0.7955467023746648,-0.3364130748547465,2,5
273,1.2043704114817673,-1.2195430953722313,0,5
274,-0.036871916965560914,-0.2905346399739904,2,4
275,1.4108148810637846,-0.10271772178061077,2,5
276,-0.8281386979120106,-0.024730621308481675,0,4
277,-0.2746869824803498,-0.665800006400623,2,4
278,-0.5095867800354694,1.4835865798661922,1,5
279,-0.2461190786468398,1.5355619726148204,0,5
280,-0.5490073870898818,1.3885012951838929,0,5
281,-0.33839952971242043,-0.13929142227584382,0,3
282,0.24834727308401516,0.2907284120154671,2,3
283,0.6533273291447792,0.03232081071564893,0,5
284,0.7770110691552886,0.7185537657570358,1,3
285,-0.24799966744815083,0.3167294359464583,2,4
286,-0.4906804192988073,0.26474091405861633,0,5
287,0.2423820704963259,0.26846974476951185,2,3
288,-0.3489156043965929,0.05327289471460515,2,5
289,-0.7919940373965676,0.714113470580146,0,4
290,-0.014897893142693727,-0.15463029700586348,1,4
291,-1.723448550329686,0.4346600280762265,0,5
292,-2.359575308763445,0.6929996185687761,0,5
293,0.45075390670760646,0.11469972993688597,2,3
294,-0.10041743900196463,0.20635462585963416,2,4
295,0.9193512572101379,-0.5055597419852411,0,3
296,0.9780463054438082,0.421462845085042,2,3
297,-0.7355726284126576,-1.038497451777774,0,5
298,0.017724710088952454,0.372297069308285,2,3
299,-0.2502830909295982,1.3108045919154527,0,5
300,0.8153370737012798,0.7408541592400206,0,5
301,-0.6425192177737615,0.495306510306442,1,3
302,0.8647873944440616,0.15833399337705678,1,4
303,1.664689952997812,0.019804148753878887,2,3
304,-1.090553657919017,-1.2464666837859721,1,3
305,-1.2386876878993105,0.9862638441968197,2,3
306,0.07572556204512884,0.725299043372476,0,4
307,0.6459557311841149,0.163258895007068,1,4
308,-0.09694184438561702,0.8668440178070431,0,5
309,-1.2238885766182124,0.8816905421354649,0,3
310,-1.0936407247107487,0.1148191988360679,0,5
311,0.6264942857844588,-1.7553755454517839,1,3
312,0.10050220233441588,-0.36893934859316846,1,5
313,0.47805291607998784,-1.064080643529685,1,5
314,-2.102946429874403,1.9384915878012974,1,5
315,0.018729715983446162,-0.7650224463442374,0,5
316,-1.1016083392085227,-0.9766443816194497,2,5
317,0.45511251300693323,0.6755067905184626,0,4
318,-0.6384706483992668,0.49726911844578153,0,3
319,-0.5007066353595557,1.3835372974594757,0,5
320,-2.6109044503015726,-1.9599892816256395,2,5
321,0.26762231791246766,-0.31921338119822484,0,3
322,1.4816159848041581,-1.3292743712622141,0,3
323,2.0818324727333644,0.5069460436918625,2,4
324,0.8254034095932837,2.332307736875743,2,4
325,-0.9143105210592372,0.34793540679886026,0,5
326,1.027794253905002,0.13065028296044776,0,4
327,0.1130470226007544,1.2040161191472822,1,5
328,0.4473992494733086,-0.8973923559066708,1,5
329,0.5598000675532817,1.975625076502054,0,5
330,-1.478566009067091,-1.1525254189780545,2,5
331,-2.56399896487919,-1.0833256155217055,1,3
332,1.8290625555778262,-0.033285609025772364,1,4
333,-0.5027852174546196,-0.9632173395883658,1,3
334,0.22723826443121828,0.3043084091765943,0,3
335,0.5384007423889221,0.6731577924389808,1,5
336,0.7530151629050564,-0.1716562515916325,1,3
337,0.6158980457449333,1.1753320542730894,1,4
338,-0.7727548461499663,-1.300476208543651,0,4
339,-0.8399958209572913,0.5507365149033617,1,5
340,-0.6572296093662948,-0.8768407757063911,0,4
341,0.14486582743510126,1.534789368985023,1,4
342,-0.8063147804856309,-0.19313418944782001,2,4
343,-2.1981776109708187,0.3436546019217243,0,4
344,0.18164332292024757,-0.7914940018402628,2,5
345,0.043110891217805564,0.1660794134685986,2,4
346,0.1914778297725129,-2.164844030637023,2,3
347,1.6772717767371357,0.6552431301309566,0,5
348,2.035279894219287,-0.027457714388455966,0,5
349,0.20090209650180973,1.3178974465051012,0,5
350,0.7063399701640203,2.265354560913452,2,3
351,0.6663098441245869,1.0895374329985363,0,4
352,0.37669144405009003,2.682235142883738,0,3
353,-0.29032439715520686,0.2618510714328166,1,5
354,0.6215000539538242,0.8280734167895173,0,5
355,-0.12506859297560877,0.7793649704852075,1,5
356,1.3566658236653895,-0.2413614027297518,1,5
357,-1.3717646801128418,-0.3074871881948646,0,4
358,-0.01914006249543932,-0.3346075209494408,1,4
359,0.9342574750426259,1.0222412977625637,1,3
360,1.2748044005442045,0.3460134941416477,1,5
361,-0.2117556711483494,0.3427626819994077,2,5
362,-0.24978279016867108,0.19882152092608368,1,4
363,2.243388720421488,0.05700505076564982,1,3
364,-0.6874452330029811,0.5253622878723808,0,4
365,2.1037449653734765,-1.0521126305327357,2,3
366,-0.9131212653946036,-0.28810634847487593,0,5
367,1.1012753950462806,-0.6141093135450854,1,4
368,0.2975064265883287,-0.6560205091435584,2,3
369,0.33262799595558695,-0.2110786888879269,0,5
370,-1.5449182846904799,2.5329670189218993,2,4
371,-1.6322400063322409,0.8872383583822276,0,3
372,-0.0700516002934298,1.5722102328099758,0,4
373,0.44974766848322467,0.19429499226028696,2,3
374,0.5181053481859784,-0.4452975460764534,1,3
375,-1.5251766455577636,-0.9439947530558046,1,4
376,-2.087197662533284,-0.21619139228711734,2,4
377,0.1488475903561545,-0.564870616867352,0,3
378,1.6809708120165407,-0.24602654228931864,0,4
379,1.5469379570299,-1.1285395624216605,0,4
380,1.7318970319740157,-0.25674213749296804,0,5
381,0.7850064510663509,-0.7880432559866104,0,5
382,0.13172306775556697,0.6330577036215292,0,5
383,1.0228261420106035,0.7406633498183388,0,3
384,-0.8154939512301681,0.5598367559306312,2,3
385,-0.19665472985070198,-0.10466211520092837,1,5
386,-0.7860568991405131,1.6285265541865035,0,3
387,-0.05973877288801751,-0.7455791537820489,2,5
388,0.4118545978239194,0.23799661829665783,0,5
389,0.1682215463124189,2.004550675778874,1,3
390,1.7155349353922051,-0.4008989321395858,2,5
391,-1.0972779261558692,1.1812458702456439,2,3
392,-0.015437036687510968,-0.5864650279475067,0,5
393,-2.4574132250288705,-1.3772626914094916,1,3
394,0.215964868444899,-1.2121600170523303,0,5
395,-2.2488702715097553,0.44080655073482894,0,4
396,1.4749119024518809,1.1159568138773766,1,5
397,-1.012717579749021,-1.0001421656525367,0,4
398,0.609751820920015,-0.5770081503223524,1,5
399,0.12301714276262148,0.8832579175100086,0,3
400,0.00919288725500376,-0.317038952548194,0,5
401,2.073359505217406,0.4863504361605752,2,5
402,-0.40439489084487057,-0.09986299762767989,0,5
403,-0.06600473925940628,0.7814373376705113,0,5
404,0.20149549731638577,-0.6113481765283763,2,4
405,-0.048093000098148146,-0.4920858269006937,0,5
406,-0.49967484321031436,1.1163833331791135,0,3
407,-0.7343612860441572,1.0391586526113423,0,5
408,-1.6920772583606392,0.22878300622769882,0,5
409,-0.34028885079946236,-2.5122673370572666,2,4
410,0.7474085290526329,0.04514772469464019,0,3
411,-0.031083142292558884,1.1099093798973587,0,5
412,0.36792197990558023,-0.7988568432549189,0,3
413,0.2724272497220206,1.0369036776035756,0,5
414,-1.304144027864938,-0.38452523775381164,0,5
415,-0.5217630364844201,-0.6602523153829064,0,4
416,-0.63183194440023,-1.1270085248832924,0,4
417,-0.6213705492902998,2.1216653037254973,0,3
418,-0.5532829142806538,0.3721353701586832,0,4
419,-0.18365717175335455,-1.042712344313766,0,4
420,0.3934091281841435,0.2538609197430771,1,5
421,-0.6700371938828654,1.5000786656942435,1,3
422,0.6830888570377109,-0.649987906792097,0,3
423,0.9768196477428509,0.19824365283413814,0,5
424,1.5163721536374546,0.12084256482773986,1,3
425,-0.3478705766123691,1.27127897800755,0,3
426,-0.8466424881502239,-0.12911716298574083,1,5
427,-0.6113229974611911,-0.38623366355440153,2,4
428,-0.2889586592315599,0.22117354067102396,1,5
429,-1.8902504723867388,-0.21491835523754596,0,4
430,-0.013641020280759978,-1.2826961340268328,1,3
431,1.0268687791453561,-1.2975203269918074,0,4
432,-1.694153759634708,-0.45902654895709555,2,5
433,-0.7532539849278439,-0.10155537032142657,2,3
434,-0.8407531635801435,-0.43062229011702896,1,3
435,-0.6614085745112703,0.05190365397431749,1,5
436,2.083434474652592,0.03971850983239872,2,5
437,-0.8263389756884246,1.282286192569334,2,3
438,0.908818091361329,1.4605409884220493,1,3
439,-0.05223187917167559,-0.6961429293261192,0,3
440,0.43208096083795033,1.5969420367385718,1,4
441,1.7007667535695967,-1.7692831411618894,1,4
442,-0.3032350933205898,0.17060485336120168,0,4
443,0.9946782662683469,0.3959406515617838,0,4
444,-1.3211562687020681,0.48826951948147534,1,5
445,-1.0855439997125014,0.35563816724382985,0,5
446,-1.6628898517897837,-0.4881948136719332,0,3
447,-1.0140396335128175,0.5870576340625852,0,3
448,0.6782882710372035,-0.19377159882440903,0,4
449,-0.7536075757175357,-0.40190603278533044,1,5
450,1.0003128107332198,-0.029860840528359488,0,5
451,-0.9281176505315097,1.0290242545024053,1,4
452,0.15845647214803468,-1.046058595586782,0,3
453,-0.127661588438046,-1.5118491919490622,0,5
454,0.9813815172564075,1.0242211150884664,1,4
455,-0.11707735252279472,-3.09707838169061,0,4
456,0.941772440192708,-2.2221685229591097,0,4
457,0.3618362423524406,-0.4643729987313232,2,3
458,-1.7215014110360445,-0.8227391855002565,2,5
459,1.784581859511708,-0.9390134750274741,0,3
460,1.253301024656674,1.0944083180945527,1,4
461,-0.45040915727570185,-0.4170988123083419,2,4
462,-0.5609151532192315,-0.5357002501455644,1,3
463,0.7337521746752663,0.7533855983036358,1,3
464,0.5172074537788316,-0.6039719160134012,0,3
465,-0.793573443522782,-2.5834729279173416,0,3
466,-0.9597217304896025,0.8527659732427529,2,5
467,1.6710861671207606,1.150259164752686,1,5
468,-0.5950796971645167,2.1709686306276854,0,5
469,0.09023509133022868,0.2336082526776515,0,5
470,0.08800676232254762,-0.10171230257911501,1,3
471,-0.6062666191765478,-0.4419610844772563,2,4
472,0.18659922285260244,-0.4367404317453419,1,4
473,-0.5683174077755244,-0.5880771028335751,0,5
474,-0.41399504637223716,1.209423752165587,0,5
475,-0.4270885795965486,2.5382448654157046,2,3
476,-0.46394632450732065,1.1992428736012866,0,4
477,0.2044694254437184,-0.05208478685975008,1,4
478,0.1788521913441032,-0.5988236040412053,0,4
479,0.47000437885028784,-1.8559798997400716,1,5
480,0.9539960729177064,-1.7527844333636837,2,5
481,-1.8619275574508258,-3.063644601725312,1,3
482,0.7669994264175275,-0.35153403013141754,1,5
483,1.1551361700776495,0.18517056059922282,0,4
484,0.8645933857117455,-0.7134343742208497,1,5
485,0.9945789420874043,-0.3595970438674248,2,4
486,0.9076465979982138,-0.7552633970249196,0,4
487,-0.8973992420864354,0.31476793214058246,0,5
488,-0.5826774258050129,-0.12710774953759824,0,4
489,0.747016158701388,-0.33862279533895945,0,3
490,-0.4156287625613828,-0.37991041900812744,0,3
491,-0.40316870107585373,-0.35583936982641123,2,3
492,0.3548406900358069,1.600873369806092,2,3
493,0.8024359382255526,-0.5254839866478443,0,4
494,-0.04805771910358559,-0.3260004301642269,1,5
495,0.07299111686990561,-1.4076900405660524,0,3
496,-0.14035025005611423,0.9053849968127816,2,5
497,0.9582474238971165,2.0261854860183535,0,5
498,1.0842629919061473,-2.147100934152416,1,3
499,0.4111274859602256,-1.090295586055806,0,4
500,2.253203125779186,1.389083198397927,0,3
501,1.0111387440598574,1.4321307497958298,1,3
502,-0.6961971946335995,0.42174657761865597,0,4
503,0.45976846482470296,0.08287321423425204,1,5
504,1.5607194403496025,-1.0570748543457513,1,4
505,-1.5008136268986518,-1.066107456615444,0,5
506,-1.4258412279955934,-3.3133768202052747,0,3
507,-1.0292461235866632,0.4702563928414805,0,3
508,-0.36217896080378875,-0.18386817953374265,0,4
509,-0.023489112687350325,0.5435507420785036,0,3
510,0.5361679442170724,-1.9668435714336083,1,3
511,1.8905070509572752,-0.2400886297887514,0,3
512,0.44878492883764465,0.3757908842957039,0,3
513,-0.702022288434637,1.9281715725673858,2,4
514,-0.1182342299906899,-0.5263498825071246,1,5
515,1.2413612717025966,-0.18675906284837096,1,5
516,-0.23691179522511963,1.731570882278697,0,3
517,0.5142333152255165,-0.7399293057970654,2,3
518,-0.2794495105901599,-0.9331302702005724,0,5
519,0.3833466651445508,-0.4445693356242623,2,4
520,0.5221298988324601,-0.48036993167206926,0,5
521,-0.04214880305613844,0.07395936696242021,2,5
522,-0.3655613570997671,-1.3844721549371564,0,5
523,-0.22704497605586504,0.8935647563684447,2,5
524,0.03560183083052886,0.7935574150535332,0,4
525,-1.4934842770956982,1.7847107123607393,2,5
526,0.9165807112947995,-0.08855201717132663,1,3
527,0.8369971623125804,-0.24553599587840103,1,3
528,-1.0891842098270634,-1.2705103987173227,1,5
529,0.2517510432519294,2.3212110617748842,0,5
530,-0.4773562104483951,0.6156155822401915,2,5
531,0.6359986156826531,0.2574520732462092,0,3
532,1.966298743384455,0.3908602446458834,0,4
533,-0.21829640336106282,1.228673294102208,0,3
534,1.0671360786164727,-0.7875439967863742,1,3
535,-1.7098233657183723,-0.7427482379507131,0,4
536,0.6737730605890269,1.2139416750001593,0,4
537,1.6343987186498488,1.2538836106068407,2,3
538,-0.5370636981283717,-1.4750350167454473,0,5
539,-1.2400419824419762,1.0852031621483034,1,4
540,-0.1745423066753365,0.5376694854694046,1,4
541,0.38121775022513193,-0.473273329468884,0,5
542,0.9576959482469388,-2.2052956070613257,0,3
543,-1.1963098005832302,-0.21036170743344684,0,4
544,0.38183001965618946,0.9624936256349192,1,4
545,1.0568973208451113,1.003336854542236,0,5
546,-0.0056487585529665435,-0.7904465870389663,1,5
547,0.6624673064466122,0.9318535023660346,1,3
548,-1.1946168127409151,-0.9043716632799138,2,5
549,-0.19369809763539417,-0.47505137068369063,1,4
550,1.756345528489907,-0.19901606360955124,1,5
551,1.4147434122162688,-1.2768836726430095,0,5
552,-0.5821533448457825,-0.07353862168549606,2,4
553,1.5427210424347022,-0.5817294902078195,0,5
554,-1.1660585986909997,0.492819014312041,0,5
555,1.1913316889340977,-0.23416184859853564,2,5
556,-1.4097390037237039,-0.3782700915459523,0,5
557,-2.0877017871678696,1.5771198508487148,2,3
558,-1.3388833661134387,0.5447022527050265,0,4
559,1.1938098931165524,-0.12707597331073092,0,3
560,-1.4754880794028298,-0.29123652057132915,1,5
561,-0.3941155976259582,0.5299490241509608,0,5
562,-0.539832482308149,-0.7440034344038647,1,3
563,-0.4420030356034597,0.026369666777556554,0,3
564,-0.38317626243478786,0.6960262632859247,0,3
565,-0.6302552828132223,-0.3006550038701045,2,4
566,0.8006212847808466,-0.31443088162365884,1,5
567,1.3603967870415397,0.5288256051965684,0,3
568,0.1636359725711381,-0.45037532937328106,0,4
569,0.011661043040625468,-0.9867523245939755,0,3
570,0.5854910558120725,0.07885963798951798,2,5
571,-0.5419789000918696,-0.3768411592240248,2,3
572,0.3513554388454515,1.4233891373922154,0,5
573,-0.07356561126636618,-0.044918974818862485,1,5
574,1.3794264034139843,-1.756463305559721,1,3
575,0.8077415669193092,-2.0770478089957654,0,4
576,-1.7978854490284568,1.1358053364267875,0,5
577,-1.3633397259436337,-0.27383981084096165,0,5
578,-0.8601722408364683,-0.8601007485923269,1,3
579,-0.2403596367170495,-1.2536406056346783,1,3
580,0.28851141788676865,0.9872379085865246,1,4
581,-0.1073034086480584,-1.332010995828545,2,4
582,0.10416104461984184,-0.862048626200457,0,4
583,-0.3278551348222729,0.11450069518246273,0,4
584,0.08873872245742138,-0.701990963399487,1,5
585,-0.7853295580526851,-1.2860514245101569,2,5
586,-0.5863225422961333,1.054807624402358,0,5
587,-1.6114625159926284,-0.6663749803243929,2,5
588,-1.011578996068516,0.9816203070822587,1,3
589,0.3763779840448204,0.7976773534714542,1,3
590,0.4241344907794438,-1.5350508742679605,1,3
591,-0.11880020293264412,2.359805161510622,2,4
592,0.13256721691328524,-1.0593585494223046,0,5
593,0.1618152515881418,-0.903146672716764,1,4
594,0.7089086956469559,-0.7055418795834899,0,5
595,-0.782269445939606,-0.7225887521847869,0,5
596,-1.4354095649210274,1.7638349065660242,0,4
597,-0.44244842279890234,-0.9600456270354641,1,5
598,0.22321130016291094,-0.1989346139758981,1,4
599,0.7755850742623529,0.9641839215464876,1,5
600,0.662274779287519,0.5823938283497454,0,5
601,-0.06468558036354227,0.125235951871893,1,4
602,1.2260400569337642,0.7166171967069114,1,5
603,1.005606469525609,-0.5313638927999809,2,5
604,0.6892186628138148,0.9628930980272713,0,4
605,1.2480984735675602,0.8944418525616611,0,5
606,0.1187735890167322,1.3713855079688295,0,3
607,0.26765244491881485,-0.3811764702860452,0,3
608,0.1799154980525729,0.41361731199688256,0,3
609,1.2612390468300663,0.47922268872133833,0,3
610,-0.7128575597490552,-0.03838415999212311,2,4
611,-1.0004614024155762,-1.1451036593923887,0,4
612,-0.7250573159652356,-2.0570603069509508,0,3
613,-0.761110071489789,-0.5958947853147913,1,3
614,1.7383579047430235,-0.8137781901264098,0,4
615,0.02914395576829415,-1.4232243872183958,2,3
616,-0.720252355151682,-0.5661629383687427,0,4
617,-1.5913995438889403,-0.22602217286683887,0,5
618,0.511549774674271,-0.6124828595818395,2,5
619,-0.769143460458331,-0.7398729127531554,0,5
620,0.4638171845572639,-1.2933426521396825,1,5
621,0.664979697759232,0.9282327812402681,1,5
622,2.2803844249314995,-0.6832937010441424,0,4
623,-0.2585060857847537,0.6363635304644731,1,5
624,-0.15979692158331252,0.25341016381374143,0,4
625,0.3647554802974411,-0.6127879679250692,0,5
626,1.7783922710400142,-0.5051501217342682,1,5
627,0.3105326677845213,-1.5936240497555836,1,5
628,0.4423138379062721,0.2113801889133186,1,5
629,-0.4115631470914632,0.015648845549597938,1,3
630,-0.47693520492442787,1.1526682674297022,1,4
631,2.005841504478465,0.452794240939116,1,5
632,0.556819428242842,-0.947415598210147,0,3
633,-0.0017556158416425062,-0.5801828870431037,0,5
634,0.6752749288546868,0.3093769652319976,0,3
635,0.6265351817994086,1.8234882256280522,2,5
636,-0.3996046205052658,0.11220647040812831,1,4
637,-1.6686073540929383,-0.33120180277577194,1,5
638,-1.3911086608030765,0.5335179144549768,0,5
639,-1.4182693791313163,0.32603212648136903,1,5
640,0.2212384908704982,-1.6939230560043836,1,4
641,-0.3594360772232119,-0.7574226294987232,2,5
642,-2.238114799021556,0.6417261732871307,2,5
643,2.3035275795562042,0.28147022574618547,1,4
644,0.8902095130346341,-1.556812471641403,0,3
645,0.10761557962447414,0.8004957482889755,1,4
646,1.846787356273638,1.4396106055974307,0,4
647,-0.605864501953884,0.8982938688599702,0,5
648,-0.712008089078471,-0.6056874590238788,2,3
649,-0.8671209965755802,0.8434932159472089,0,3
650,-1.6935714771176837,0.5566081144883637,0,4
651,-0.445640636776968,-0.5994790965565088,2,3
652,0.07308523348466434,-0.5073731787983788,1,5
653,0.4960867792452582,-1.0295308393623572,0,5
654,-1.579238199637465,0.8757431266472602,0,5
655,-1.207627434864092,1.6182901853818255,1,3
656,-0.0015712748112107183,0.05655078440197977,0,3
657,-1.1436306696407048,0.30910043946758897,1,5
658,0.3644253777758217,-1.248950785395256,0,4
659,1.3190603657083284,-0.7440407117774628,2,4
660,-1.6491361520284893,1.844425944868417,0,5
661,-1.352492218572941,0.005835053917335495,0,3
662,-0.3863985296208247,-0.41123121786889427,0,3
663,-0.05982484582514473,-1.3286645216947317,0,5
664,-0.3438170166920044,-0.4117627624127081,1,5
665,-0.2914124289261311,-1.081296981650328,0,4
666,-0.21489226603898412,0.5314703459754127,0,3
667,-0.6497361409559053,-0.7415596680137125,0,3
668,-0.5392203498674781,0.9852113134014528,2,4
669,-0.6145845873117867,0.6787384169626528,0,3
670,-1.0607025702681652,-0.23571646666133214,1,4
671,-0.2791740264066044,-1.9990204812215473,0,5
672,-0.3180329709211974,0.3454165445124149,0,4
673,-1.0060561549702933,-1.626272143187862,0,5
674,1.4177940284110195,0.09959276963757112,1,3
675,0.015397947973682661,-0.1475771516346384,0,3
676,-1.1148999411725344,-0.033584300962240465,1,5
677,0.19216360680180833,-0.9989229396866294,0,3
678,-0.1512805375002638,1.1878843374951722,0,4
679,0.18937924846927007,-0.9818845102102487,0,5
680,-0.38961269936373993,-0.718109633132637,0,5
681,0.13177011313589398,0.3057587138584563,0,4
682,0.5328988710700036,1.652190728828484,1,3
683,1.2320252741091084,1.1555487290344775,1,4
684,0.5925751491899685,0.8407905953956416,2,3
685,-0.03415402485253515,-0.2924244012008806,0,4
686,1.100189582916326,0.4013860631560761,0,5
687,1.7230228825977185,0.09887837801968936,2,3
688,1.7466903069338668,-0.3531890968473925,0,4
689,-1.247350814580107,0.35999775392573186,1,4
690,-0.6079072188441269,-0.15702045351927793,0,3
691,-0.8015912857339154,-1.2640345995100655,0,3
692,-0.44710147839577297,-1.8092549401076914,0,5
693,0.7103968973769546,-0.3719757126282587,0,3
694,1.18278441385177,-0.06411917135644182,1,4
695,-0.867119578700347,-0.9239093973815152,2,5
696,0.36404907416314586,0.5869158435557301,1,3
697,1.993171563418069,0.911360216040429,0,5
698,0.7861209730771356,-0.27921620512159895,0,4
699,0.46918464318435027,0.5869459828536424,0,5
700,1.7068771503148763,1.5284298447645244,0,3
701,-0.2978156131810887,-1.4742735257661443,2,4
702,-0.734531699944066,-2.497753174313468,0,4
703,-1.3905385994024286,-1.8721335997780342,2,5
704,1.150220864577919,1.3324113836355,0,5
705,0.7309940195431749,0.01550580556783885,1,3
706,1.8999184432652816,-0.44552060845688135,0,4
707,-0.3460252888379907,-0.9792657058599343,0,5
708,0.9542250504030338,-0.3822495414756106,0,3
709,0.208205587308157,1.4513550466620093,0,3
710,-1.1770929587691608,0.5110998464561015,0,3
711,-0.914493696909552,0.7121018318526502,0,5
712,-0.1133399301468468,0.4173780689535851,0,5
713,0.9426544052866865,-0.5428058502028185,1,3
714,0.6179604238820495,-0.05052354980576867,2,5
715,-1.224014223281381,-0.5621872432392008,0,5
716,-1.1199625877306356,0.19755572314388584,2,5
717,1.7446964977376331,-0.4018042210647936,0,5
718,-1.049914003982927,0.03169798864674508,1,5
719,0.7419277778697426,-0.17988409139191783,0,5
720,-0.7096392711671314,2.029353859177219,2,5
721,-0.07820896843082632,-1.1220456410705715,1,4
722,-0.06033159410889351,-0.6793249741420017,1,5
723,0.8763145626068412,-0.07190505250238272,0,5
724,1.5827811686099091,-0.6640436239186277,0,5
725,0.5301968281827337,2.2416890739406097,1,5
726,-0.1648766020404017,-0.16801003782758683,1,4
727,0.014945565204680126,-0.508116284420164,0,5
728,-0.3266362547398411,0.4516169674703998,0,5
729,0.39829664156662536,-0.9743194299819457,0,5
730,1.057763285772558,-1.0579428182885147,0,4
731,-0.2634315774769043,1.0672340557176279,2,5
732,-0.9547861468916331,1.2634780423171523,1,5
733,-1.3248352277132318,-0.07568674408252585,0,4
734,-0.489925840969319,0.19612246742352457,1,4
735,1.0586522519987198,-0.7338005637499413,0,4
736,-0.47587245497333536,-2.127361475943239,0,3
737,0.7629730163136844,-0.9131945820571451,1,4
738,1.3317828057616068,-0.8097798011339009,2,3
739,0.04373231367555128,1.6581802962359045,0,4
740,-0.8548235617879991,2.0126748939079735,0,5
741,0.8784501998459908,1.415839903816068,0,4
742,-1.1182264054401923,-1.8461607665154334,0,5
743,-1.1845447298439582,-0.3679967732724041,2,4
744,0.3455786275717032,0.6974843027045246,1,5
745,-0.6926913317089869,0.5879805246985651,2,5
746,-0.5813418565661833,-0.6807184976167768,0,5
747,1.0157785566777517,-0.35384007907178094,0,3
748,-0.292606621031124,-0.1080375901124808,1,5
749,-1.9878138612985488,-1.0269449284699017,2,4
750,-1.4432941673341415,0.34173246950671377,0,4
751,-0.1659374768257773,3.0568283022053166,0,3
752,0.9242808765814367,1.2862318680309508,0,5
753,0.1988009960978383,1.3288648566023644,0,3
754,-0.6084722334467935,1.0673425008059614,0,3
755,-0.8349618953551832,0.7866526262695324,2,5
756,-0.10860077732189412,1.9950820245195997,0,5
757,1.0783241954868368,0.47666106063469776,0,4
758,-1.7685683714711748,0.7853832010336794,0,3
759,0.8295599223361667,0.2181617504082512,0,5
760,-0.7176123548099005,1.2843009258261793,1,4
761,2.0466645323993093,1.20796792186189,2,5
762,-0.11405805553639592,-0.6303012435372679,1,4
763,0.04866051315164617,0.5588568197522228,0,3
764,-0.7453237778547429,-2.1711197620470832,0,5
765,0.18384442843705226,-0.8054723944407959,1,5
766,-0.3766516283541435,0.15387298365470709,1,3
767,-2.6343453553527443,1.172077857614402,1,5
768,-1.7196162174572658,0.5829708586669284,2,5
769,-0.569464101357953,0.16031148292721994,1,4
770,-1.7624090306719504,-0.2861635388621841,2,5
771,-0.09319417332404537,1.2613089588407234,0,5
772,-1.1194816645214098,-0.45821421621810327,1,5
773,-0.37303103600746296,1.1450775827479325,0,3
774,0.27338994968757513,1.5848098548947178,1,3
775,-0.17870893640550725,0.8603805989604879,1,4
776,-0.5734298672573228,1.3265402835706839,0,4
777,0.7159969583586016,0.8969992664292085,0,4
778,-1.2412405100590262,-0.9489448654778733,2,4
779,-1.7316685257149336,0.9768811488071619,2,4
780,1.269904005231792,0.37533654079157247,2,4
781,-2.845299260704789,0.5552269739481547,0,4
782,-0.3853496704307075,-1.421865708968363,0,3
783,-0.28079424796464103,-0.5592734743506744,0,5
784,1.717581377239555,1.2361297328494871,2,4
785,0.759527116787675,1.2407453307850387,0,4
786,2.5843800570973374,-1.344730791748352,1,5
787,-0.4695432616256042,0.5537309250088019,1,4
788,-0.45149086414227546,-0.8146407600371095,0,5
789,1.4716133951245636,-0.8497597703488218,2,5
790,-0.8282012235475712,1.612051733965045,1,4
791,-0.680133496958322,0.246493973137143,0,4
792,1.8167977948120078,-0.24696056469052363,1,5
793,-1.0320545363857032,1.4328549776449633,0,3
794,-1.1909062819497587,-1.2040961863197126,1,4
795,-1.5203728578775493,0.5533508372952676,0,3
796,-1.158030183622674,0.14033141410882982,0,5
797,1.0380366294085324,0.4679781819877485,2,5
798,-0.35929198907677584,-1.0072792280174145,0,5
799,0.2670740449072267,-1.1188753009547776,0,3
800,0.4990009276121119,0.22400625349147602,0,3
801,2.705340814135053,0.5243094097538591,0,4
802,-1.9781912597466274,-0.8308893936974948,0,5
803,0.17444206353910927,-1.3897602410088206,2,3
804,-0.5386914395258299,1.1907529431787793,0,3
805,-0.6356547737487248,-0.5270379952388756,2,5
806,0.6819057140980873,0.8014201844835971,0,4
807,1.1912315872503105,-0.04310696273250754,0,5
808,0.3208404699409819,0.07257691924042083,0,5
809,1.8798244409016747,-0.5049770553562021,2,5
810,-0.9049999321940538,-0.4340078922367859,0,5
811,0.7722920181428414,-1.0882655011974085,0,3
812,-0.2645645759412729,-1.191841001411848,0,3
813,0.032790580179214476,-0.15049990514276684,0,3
814,0.20867239230375334,-1.6301906463975555,1,4
815,0.05853464968482464,-1.0544471521718395,1,5
816,-0.7205941249953534,0.8901145665977167,1,5
817,1.0902612746412002,-0.14416711910902746,1,3
818,1.7883851434197604,-0.7350871774341303,0,5
819,-1.364172161696961,-0.6426910929186984,0,4
820,-0.8755973316859643,-3.768979628194655,1,4
821,-0.013849108502026428,-1.6705747021368489,1,5
822,-0.5264936990055903,-0.9423340916959201,0,5
823,0.3752571181281162,-2.0321631833641876,1,3
824,1.0335472431432835,1.2927268410311508,0,3
825,0.17372007464931413,-0.5435585093927606,2,5
826,-0.344551707868886,-0.7612700888658438,0,3
827,1.41571522025596,1.304610057401116,2,4
828,1.7184088976986742,1.0385868180069826,0,5
829,0.6953062264274187,-1.5938833788477893,1,3
830,0.823955895170962,-0.560644808268398,1,4
831,-1.0810589318216381,-0.37739792155830354,0,5
832,2.0967687375839783,0.9816767261040704,0,4
833,-0.5356763469708492,0.7376966585566174,0,3
834,2.892380475169929,-0.08358206944605386,2,5
835,1.5598197027139746,-0.7306364866705196,2,3
836,-0.5506134306950637,-0.967763559065437,2,4
837,0.331877539385635,-0.3325772081533331,0,3
838,0.04671489831498324,-0.02308642401138399,0,3
839,-0.9838247586628578,-1.7999810523852708,2,4
840,-1.1568232484168526,0.6106297795145116,1,3
841,0.469345069845235,-0.0737619494038228,0,4
842,1.8367798855103858,-0.010233415223959206,0,3
843,-0.8498224972856213,0.44191473003704973,0,3
844,0.2559541089597256,1.3387328504817482,1,3
845,-1.6282730581883884,0.5538297189363958,0,4
846,0.6880077670984285,-0.6482190459555155,1,3
847,-1.0320290786762496,-0.020391684074537567,1,5
848,0.3245193678577337,2.22268429457556,2,4
849,0.5074437108970649,-0.6314652067925225,0,5
850,-0.9143975338977479,-0.8845550180132896,0,5
851,-1.3766969118008554,0.09618804099568364,1,4
852,-0.08731264414859692,-0.6931502187304731,0,3
853,-1.5639934802498592,-0.19357783936622117,0,4
854,-0.027133994990620056,1.6402961847975766,0,5
855,0.5358994627681096,-0.736896350134469,2,5
856,1.043527267922678,-0.3316699515398072,1,4
857,1.307347675011846,-0.17938705799499532,1,3
858,0.8948983934666248,-1.5965023856905731,1,4
859,-0.6660496689728332,0.9260960943849287,1,4
860,0.8445746566017335,-0.4955427790699265,0,3
861,-1.1600904614193386,-0.285213171041506,1,5
862,0.9280114735442992,0.7493773834008504,0,3
863,1.415748566253388,-0.5320620815392613,2,5
864,-0.07080097505921754,0.81081976155775,0,4
865,-0.5778047481811609,-1.1102579008430478,0,5
866,-0.9466347591600117,-1.0397200010123633,0,3
867,-0.8002804032034699,0.9961437457703065,2,3
868,-0.6326830326434852,-1.7266605534199626,1,3
869,-0.1108935064531952,1.0200631094106374,0,3
870,-0.2626015065776284,-0.2113855234238171,0,4
871,1.5292451189926104,0.06882987806633424,1,5
872,-1.3577489138491943,0.026494936875707108,1,5
873,1.6039223382396293,2.370931406330937,1,5
874,-0.8808400368795829,0.025713287727009933,2,3
875,0.34576206232144363,-0.19777902195198654,2,3
876,-2.1652690122291554,0.08650282266386272,0,3
877,-0.8717927470915786,-0.3254019411360569,0,5
878,-0.6222329741316757,0.7798303898632328,0,3
879,-1.0103833033265108,-1.0097689710247526,1,5
880,-0.9591853370249089,1.3149243449587507,0,4
881,-0.26647056946047226,-0.8904379784048639,1,4
882,0.03231888844946848,-0.5091782251299625,1,5
883,-1.1301615391152031,0.005098634369546549,0,4
884,0.652295264570802,0.2901947784374765,1,3
885,0.8888188100857322,0.2280106005662287,2,4
886,0.08654597579507309,0.8517526780405527,0,3
887,-0.3317646619275034,-0.20752064743594914,0,3
888,1.3595250804985253,-0.5457629149215445,1,4
889,-0.7219986955179063,-1.0034788826627985,0,3
890,-0.4869709868129462,0.40939282367280566,1,5
891,-0.17134905996474487,-0.1371104617634316,0,5
892,-1.875248460619515,-0.3146860961606602,0,5
893,0.5423835900495586,-0.1652272379396779,1,3
894,1.3989332134080594,-1.310636957205311,1,5
895,-0.5202708107106594,-1.5067876287910056,0,5
896,1.8575295132475476,-0.5370695048365217,0,3
897,0.335534857717744,0.005596748663675047,0,4
898,-1.638182597398707,0.10744313935605633,0,5
899,-1.2092379713647123,0.4357649475435638,2,3
900,-0.3776453368133177,0.4713420256525174,0,4
901,0.7342383634239071,-0.10043906972807103,0,5
902,-0.6409862023801652,-0.21053768661252517,0,5
903,-0.04246296520712996,0.2349950882326499,0,5
904,-0.6166504030060548,0.1844984679569227,1,3
905,-0.5818163686094127,1.5465917635937971,0,5
906,-1.0149861647379113,-0.685298022154052,0,3
907,-0.13857355817252898,1.564855016719076,0,5
908,-0.11814938077048577,-0.003449603462542612,1,4
909,1.2376257241207023,-0.5714863668894544,0,3
910,-0.6525568387512375,-0.04272505103470048,0,3
911,1.172541910913997,0.47788084787475493,1,3
912,0.09508406114440683,1.8554547692733148,0,5
913,-1.6486823392210606,-1.3346302277412003,0,5
914,1.7494124852465425,-0.29605300394113826,0,5
915,0.13569090473206472,-0.14431025830800823,1,3
916,-1.7380230773715402,1.081590232704884,0,4
917,0.30660729299365896,0.8841505047857282,0,4
918,0.798845671867554,-0.5806703974407396,0,4
919,0.09087695067198677,0.6939003793890902,1,4
920,-2.7777463710276145,1.0624948816039574,0,3
921,0.6965915736767242,0.660141694009938,1,4
922,-0.570765511530968,0.6686039147482093,2,5
923,-0.4882781231969248,-1.1733804863783943,2,4
924,1.9418248136304503,0.8661318841541217,1,5
925,-0.5011384527089409,-0.7526940647630931,2,5
926,0.5892558586928521,-0.018122849736734694,1,5
927,0.8170282913391441,0.3582206831184456,1,5
928,1.1298048898108308,0.03579245319631904,1,4
929,-0.25003271280841155,-1.348642423560111,2,5
930,1.5907490546679581,0.13623972542644,0,4
931,-0.02229152959953038,0.924246413995542,1,3
932,-1.0183603441713176,-1.368754330770231,0,3
933,-0.40431861785783874,1.226650674164065,0,3
934,-1.2568627231899825,0.8777081128074659,0,5
935,1.2034181573371074,-0.7188321627828014,0,5
936,0.9043125908657973,0.6029241479288402,0,4
937,0.32261001269530026,-1.2483990389054263,2,5
938,0.15223640033236624,-0.3154475569608541,2,3
939,1.8996506404358804,0.46511007706903285,0,4
940,-0.4838338888578745,-0.6785353333763445,2,4
941,0.1674075962673794,1.6331246784675053,0,4
942,-1.0132026867399735,0.36159683118446606,2,5
943,-0.7130696791977421,0.9763506702425745,2,5
944,-1.9761800959190088,-0.35064883049448303,1,5
945,-0.967935882477839,0.052769239658044254,0,4
946,0.22008587671413374,-0.8656491027586403,0,5
947,0.09063320969245246,1.7225569031559376,1,5
948,-1.4184852008713722,-1.6701609528886978,0,4
949,-2.025034187173007,0.2450457379179677,0,4
950,0.35931665510438826,-0.6616969234063531,1,5
951,0.10719757890478049,-0.7837725635469857,0,3
952,0.16719209485029718,-0.05657276821520112,2,5
953,0.42097726290356036,-0.8363742063329175,0,5
954,-3.2290337191091893,-0.07946640555645408,0,4
955,0.45778645558338665,1.0394129586139422,0,5
956,0.9446152945569416,1.505686634648963,0,3
957,0.9655219570203397,-0.16212874871265381,1,5
958,-0.9661736825794491,-0.8593243892967624,0,3
959,0.5013123464344731,0.1095250408662378,0,5
960,0.3881152857988491,0.6518589815209226,0,4
961,0.9250727924678117,1.7716483337376527,2,5
962,0.34804543557371637,0.9149001669462692,0,3
963,-0.10825651623593047,1.587976026036959,1,5
964,0.48138386554391893,-1.6663340330431815,1,3
965,1.5713917694509636,-1.2522771927060992,0,3
966,1.1400675056747762,2.1869092899128812,0,3
967,-0.06294349339821047,0.34888837600722267,1,3
968,-0.5841546939747242,-0.2664329624730973,2,5
969,1.0736797875248811,-0.4466003467405463,1,3
970,-0.8268034980392835,-0.7531048913935752,0,5
971,-1.3131301620454376,-0.2566974081221173,1,3
972,0.22605385367991288,-0.9711071883475934,0,4
973,-2.1748883643156467,-0.7610916335971795,0,3
974,0.5491914564613869,0.38203211917144125,1,5
975,0.2543432890822986,1.8998888888857028,1,3
976,0.5819957750030489,-0.956236504099398,2,5
977,0.6329583771996157,0.7897041133526944,0,5
978,-1.3241229041633378,-1.3384981762773036,1,5
979,-0.22682752243205279,-0.3076083450209098,0,5
980,0.15114111763806004,-1.1982829936191886,0,5
981,-0.9396613503964063,-1.5133561446498407,0,5
982,0.1297256034677876,0.290626702770136,0,5
983,-0.33628937108022605,0.06285139027551884,2,5
984,0.2933604263032607,-1.4065404314973171,0,5
985,-0.6257922423753308,0.6340357233139097,0,3
986,1.2134405895893305,0.13678100744066332,2,4
987,-1.4042871180395744,-0.5807260237606846,2,3
988,-0.18134334343519823,0.7508710492023323,2,3
989,0.9200480223565504,-0.4378385529929194,1,4
990,0.8434448260535741,-1.9897170663192312,0,5
991,-0.8793634697681448,1.0142901974284637,1,3
992,0.2790107716779715,-0.04679058030677595,0,5
993,-0.5317720871632216,-0.21859699339773195,1,5
994,-0.8048280624408326,-0.8636710474711256,2,5
995,-0.7799993629413622,-1.025086188692519,2,3
996,-0.06973233651603324,2.2637110277607557,1,5
997,-1.3920950891498973,0.7736474265351458,2,3
998,0.3846232474201082,0.04903763946209534,1,5
999,0.20879255208263228,-0.3667705547268432,2,5
